property_id,comp_property_id,comp_address,distance_miles,property_type,building_class,year_built,total_sqft,occupancy_rate,asking_rent_psf,sale_price,sale_date,cap_rate
CBRE_00230,COMP_CBRE_00230_1,126 Comp Street,2.1,Retail,A,1981,59068.30680998617,0.9099336918907842,101.58746256454523,,,0.048495338474732794
CBRE_00230,COMP_CBRE_00230_2,8370 Comp Street,4.8,Retail,B,1987,75205.87463058512,0.9357608079606652,87.92896187326947,89044216.09119321,,0.05316510826830552
CBRE_00230,COMP_CBRE_00230_3,8249 Comp Street,4.0,Retail,B,1995,61679.21537357707,0.8927299305837206,106.52561198138369,,,0.05270057573852878
CBRE_00451,COMP_CBRE_00451_1,2354 Comp Street,4.4,Office,B,1999,56599.80728185432,0.8501160244485049,20.636817084792124,,,0.069824710014447
CBRE_00451,COMP_CBRE_00451_2,5781 Comp Street,5.0,Office,C,1998,38114.28245523636,0.7489729376521913,23.819933324978283,,,0.06839437231060388
CBRE_00451,COMP_CBRE_00451_3,6179 Comp Street,4.8,Office,B,2015,63179.88886885918,0.8892001714534988,21.31458704991986,4203558.814975122,2024-01-09,0.0706233432488383
CBRE_00451,COMP_CBRE_00451_4,5975 Comp Street,2.5,Office,B,2015,44036.156128943396,0.8065991679707978,21.98294534121002,,,0.0664364590189526
CBRE_00062,COMP_CBRE_00062_1,5274 Comp Street,1.2,Industrial,B,1991,80058.65080070189,0.9243510465653272,21.197730780722384,,,0.050207335664925204
CBRE_00062,COMP_CBRE_00062_2,4111 Comp Street,3.3,Industrial,A,1986,82198.22804637547,0.9189507024554834,18.683800031592302,,2024-11-10,0.043609503286435355
CBRE_00062,COMP_CBRE_00062_3,6365 Comp Street,2.3,Industrial,C,1988,83119.3096986288,0.8779830071894803,17.307569618934977,,,0.04445523411893376
CBRE_00062,COMP_CBRE_00062_4,4640 Comp Street,1.5,Industrial,B,1995,86368.50421851625,0.9025280108029926,21.36906143425898,,2024-11-02,0.04903915919367144
CBRE_00062,COMP_CBRE_00062_5,7468 Comp Street,2.6,Industrial,B,1994,145366.9487766102,1.0100978150152145,21.489419477466633,,2024-09-18,0.043917675608225015
CBRE_00015,COMP_CBRE_00015_1,148 Comp Street,3.5,Retail,B,2018,50476.79090170506,1.0043391960176609,17.864724425103297,4063706.9035499203,,0.07531927329532327
CBRE_00015,COMP_CBRE_00015_2,1735 Comp Street,2.6,Retail,A,2000,43121.05012564477,0.9967215582908223,18.119071592642765,,,0.07100345784817308
CBRE_00015,COMP_CBRE_00015_3,4661 Comp Street,0.4,Retail,B,2008,29574.247080211855,0.9615198066755603,17.583881579808086,3687439.7491174354,,0.07042391313199631
CBRE_00015,COMP_CBRE_00015_4,5282 Comp Street,4.1,Retail,A,2012,53275.73100435233,0.8742148359644233,16.460568552378763,,,0.06632158177113853
CBRE_00247,COMP_CBRE_00247_1,1178 Comp Street,0.6,Multifamily,C,1997,78286.84779262195,0.9378680308558623,16.136618727171623,,,0.06261174926808528
CBRE_00247,COMP_CBRE_00247_2,9486 Comp Street,4.3,Multifamily,B,1998,53862.54968640797,0.8957116829956324,17.888039412271656,,,0.07145067927270166
CBRE_00247,COMP_CBRE_00247_3,6985 Comp Street,4.2,Multifamily,B,1992,61976.30861467702,0.9180486258395458,17.201134887403768,,,0.07226992668311207
CBRE_00082,COMP_CBRE_00082_1,3695 Comp Street,0.8,Multifamily,C,2014,46891.9541937008,0.8685540041354152,57.95375469188995,,,0.05556384999353195
CBRE_00082,COMP_CBRE_00082_2,3603 Comp Street,3.4,Multifamily,B,2024,57540.66502154222,0.890641136291701,58.91460687191711,,2023-03-20,0.05543755251471526
CBRE_00082,COMP_CBRE_00082_3,4146 Comp Street,0.6,Multifamily,B,2021,63301.9937210701,0.8834541490319883,70.78445703943765,,,0.05306306595563038
CBRE_00082,COMP_CBRE_00082_4,4665 Comp Street,4.5,Multifamily,A,2024,44217.09130258748,0.8015730802964657,59.72522587040345,,,0.054868235687164583
CBRE_00082,COMP_CBRE_00082_5,3374 Comp Street,1.2,Multifamily,A,2005,60818.05998496892,0.9001600786960761,63.003485477691065,,,0.04822196715834105
CBRE_00465,COMP_CBRE_00465_1,1519 Comp Street,2.5,Office,A,2015,86529.56182069491,0.750207697471233,49.71657952087723,,,0.06640330630433752
CBRE_00465,COMP_CBRE_00465_2,807 Comp Street,0.4,Office,B,2021,84992.19032080559,0.7783455008180752,50.61472361032291,36833926.59863133,,0.06321318042248925
CBRE_00465,COMP_CBRE_00465_3,1115 Comp Street,2.9,Office,B,2007,74195.50301115497,0.7531974290921263,54.19517392973015,,,0.06075571641431632
CBRE_00465,COMP_CBRE_00465_4,8538 Comp Street,4.6,Office,A,2020,60471.92157526816,0.8283837938224564,61.063063169749384,,,0.05673379687594853
CBRE_00359,COMP_CBRE_00359_1,5013 Comp Street,3.7,Retail,B,2012,71280.2720288752,0.8610934901775698,68.81203670263224,,,0.05575956333995263
CBRE_00359,COMP_CBRE_00359_2,9358 Comp Street,4.4,Retail,B,2003,91580.47309206743,0.8990757357113268,76.93664940165164,,,0.04724997424453218
CBRE_00359,COMP_CBRE_00359_3,8225 Comp Street,0.7,Retail,A,2017,102844.49152722825,0.8355672607353587,63.05472395546212,105435092.57611564,,0.04784618556607857
CBRE_00359,COMP_CBRE_00359_4,538 Comp Street,2.5,Retail,A,2015,73295.07942783335,0.8681046276552019,73.98547756614873,,,0.05636140873510417
CBRE_00359,COMP_CBRE_00359_5,5742 Comp Street,1.7,Retail,A,2011,89297.28422115713,0.968770303248661,68.64435029227344,93092378.7082063,,0.04767310334499701
CBRE_00217,COMP_CBRE_00217_1,3968 Comp Street,1.4,Retail,C,2016,22639.626203249038,1.0170648290506665,45.459419299830294,,,0.059003733535200616
CBRE_00217,COMP_CBRE_00217_2,1057 Comp Street,0.7,Retail,C,2013,16574.00024907107,0.9473410290717942,45.90413826335806,,2024-05-13,0.057075856772063574
CBRE_00217,COMP_CBRE_00217_3,3992 Comp Street,4.5,Retail,A,2018,19851.89435513696,1.0383590376368543,46.55893505542827,,,0.05827297280998074
CBRE_00217,COMP_CBRE_00217_4,6778 Comp Street,4.4,Retail,A,2018,19879.943803694212,1.0080707507783726,36.40338879307413,,2024-04-09,0.06369027776720954
CBRE_00016,COMP_CBRE_00016_1,1217 Comp Street,4.7,Office,A,1998,133825.0429280264,0.9196116239130688,38.519078568126126,,,0.06554613480868633
CBRE_00016,COMP_CBRE_00016_2,7414 Comp Street,0.3,Office,B,2014,173218.31912163895,0.9058216786983031,29.996105294287375,,,0.06463019736477965
CBRE_00016,COMP_CBRE_00016_3,5025 Comp Street,0.4,Office,B,2008,95996.9849228685,0.8905322719051737,31.69247212909947,,2024-12-08,0.0640309815415172
CBRE_00016,COMP_CBRE_00016_4,5369 Comp Street,4.9,Office,A,1997,167983.44803296364,0.7828708858414825,35.395066280540185,,,0.0667147545459409
CBRE_00251,COMP_CBRE_00251_1,4820 Comp Street,4.3,Multifamily,B,1991,106791.269885143,0.8436245492764539,16.241827115604046,4284317.035729869,,0.0638700899297517
CBRE_00251,COMP_CBRE_00251_2,6615 Comp Street,1.6,Multifamily,C,1994,110238.87662795238,0.8149005877896981,21.34958198223906,4685923.65294421,,0.06451717225114582
CBRE_00251,COMP_CBRE_00251_3,9906 Comp Street,0.4,Multifamily,B,2002,104436.78976112345,0.8064561731164461,20.95690062307339,,,0.06523753719592727
CBRE_00135,COMP_CBRE_00135_1,6350 Comp Street,3.6,Office,A,2014,53241.61612571367,0.8608201112382369,27.32320103201753,,,0.07194744488141457
CBRE_00135,COMP_CBRE_00135_2,9095 Comp Street,2.3,Office,A,2006,35246.85665324996,0.811699264421214,31.70800034161792,,,0.07377174843076725
CBRE_00135,COMP_CBRE_00135_3,7630 Comp Street,2.2,Office,B,2000,39732.26375131037,0.8438803083990027,27.09621627371634,,,0.06618470327298413
CBRE_00472,COMP_CBRE_00472_1,3052 Comp Street,2.4,Multifamily,B,2012,134463.2741842833,0.8812052328526567,17.468328569029662,,,0.06370958595015505
CBRE_00472,COMP_CBRE_00472_2,3009 Comp Street,0.8,Multifamily,A,2023,127603.56680411666,0.8071119322284585,18.19300244166084,,,0.06961448274769463
CBRE_00472,COMP_CBRE_00472_3,2932 Comp Street,0.3,Multifamily,C,2011,148880.02937427477,0.8590448608033024,21.74123665324646,,2024-06-18,0.07164729787962666
CBRE_00472,COMP_CBRE_00472_4,5888 Comp Street,4.0,Multifamily,A,2026,107434.34501558862,0.8294779303168904,20.383262559305436,,,0.07508057044302369
CBRE_00472,COMP_CBRE_00472_5,9934 Comp Street,2.1,Multifamily,C,2020,106283.69218576858,0.7797830748793696,20.937118953321605,,,0.06451532529216503
CBRE_00073,COMP_CBRE_00073_1,5130 Comp Street,0.3,Industrial,C,2004,104078.16856810584,0.9283245886071095,13.834567076515183,,,0.05029961572037931
CBRE_00073,COMP_CBRE_00073_2,9807 Comp Street,1.2,Industrial,B,2006,72164.52673191405,1.0095372806671945,13.171131453321237,,,0.0499449277633345
CBRE_00073,COMP_CBRE_00073_3,4003 Comp Street,3.6,Industrial,A,2019,90116.79193383035,1.033681132227223,12.816423262476853,,,0.04665912396775448
CBRE_00073,COMP_CBRE_00073_4,8199 Comp Street,0.9,Industrial,C,2014,90633.90786933931,0.9906540359006596,12.515896135846349,,,0.04771684277228332
CBRE_00073,COMP_CBRE_00073_5,602 Comp Street,4.5,Industrial,A,2019,103445.6057503789,1.0310703098731837,11.010012628661656,,,0.051532253457350845
CBRE_00034,COMP_CBRE_00034_1,2546 Comp Street,2.7,Mixed Use,B,2020,149528.31220731672,0.8717336570804458,35.60802096774043,,,0.07023182087669842
CBRE_00034,COMP_CBRE_00034_2,6829 Comp Street,3.1,Mixed Use,C,2028,216156.74704298974,0.8794997842887756,36.296098845663046,,,0.07083710631608246
CBRE_00034,COMP_CBRE_00034_3,5644 Comp Street,1.2,Mixed Use,B,2020,137682.67249907728,0.8831700930453317,31.643938414960054,,,0.06650057245115301
CBRE_00034,COMP_CBRE_00034_4,9327 Comp Street,4.9,Mixed Use,B,2015,187235.38526516006,0.8058447489679879,37.421007181955645,43971113.49668014,2023-12-07,0.06475307796538655
CBRE_00034,COMP_CBRE_00034_5,6893 Comp Street,3.3,Mixed Use,A,2013,162032.26110429855,0.8874752887625056,31.40981263252595,36015693.13746949,,0.06682049729894637
CBRE_00231,COMP_CBRE_00231_1,4263 Comp Street,0.7,Multifamily,A,2009,84367.8976708888,0.7416655300599233,22.916690571121425,,,0.06750602923046158
CBRE_00231,COMP_CBRE_00231_2,8590 Comp Street,2.3,Multifamily,B,1995,153478.10305065344,0.8546132916122575,19.288176610789705,,,0.07650887806089109
CBRE_00231,COMP_CBRE_00231_3,8937 Comp Street,1.7,Multifamily,A,1996,106638.17199909677,0.7990934464156471,24.285515601728548,7887510.9053099295,2024-08-25,0.07197466235098082
CBRE_00108,COMP_CBRE_00108_1,1961 Comp Street,3.4,Office,A,2002,62559.78034170751,0.7793844679815932,29.675671428905332,10483280.226187559,2024-10-04,0.07048791457657835
CBRE_00108,COMP_CBRE_00108_2,6661 Comp Street,3.3,Office,B,2011,43324.078160471996,0.8247572123419245,31.557359246795627,,,0.06807188936373934
CBRE_00108,COMP_CBRE_00108_3,1644 Comp Street,3.8,Office,B,2011,46468.13096877555,0.7930121767468078,27.63965231394686,10819794.231153108,2023-03-25,0.06741746605851681
CBRE_00108,COMP_CBRE_00108_4,1365 Comp Street,1.7,Office,B,2019,68223.69980130155,0.7361234966920602,28.834464823007124,7673780.134005129,,0.07708165493881906
CBRE_00253,COMP_CBRE_00253_1,1407 Comp Street,4.9,Medical Office,A,1975,69132.23585841061,0.8906807190422059,22.003708794825766,,,0.0764750818937998
CBRE_00253,COMP_CBRE_00253_2,7112 Comp Street,1.7,Medical Office,B,1978,49795.913824291696,0.8938843828386736,17.708223933391505,,,0.06684031596648807
CBRE_00253,COMP_CBRE_00253_3,7257 Comp Street,2.9,Medical Office,A,1977,55400.91315754953,0.7850587039109146,20.11837466613167,,2024-12-22,0.06755598131789797
CBRE_00253,COMP_CBRE_00253_4,9085 Comp Street,4.7,Medical Office,B,1980,47016.23466251521,0.8137245863879815,19.27362731483586,3803243.964894054,,0.06677499593274638
CBRE_00471,COMP_CBRE_00471_1,5254 Comp Street,1.4,Data Center,A,1981,100266.45112477071,0.9632879300448963,22.146560221064124,,,0.06348644082910453
CBRE_00471,COMP_CBRE_00471_2,2625 Comp Street,3.1,Data Center,C,1981,107156.7640723506,0.9674076789433621,24.24673552439073,,,0.06001153112789541
CBRE_00471,COMP_CBRE_00471_3,9980 Comp Street,0.3,Data Center,C,1982,74016.2311025636,0.9259481193520652,26.17526907595703,,,0.06088661146706701
CBRE_00471,COMP_CBRE_00471_4,7492 Comp Street,4.1,Data Center,C,1978,79734.89286329692,0.8749123007130278,28.526412551739412,18043710.00734827,2023-08-10,0.060734083105437556
CBRE_00311,COMP_CBRE_00311_1,8101 Comp Street,0.3,Medical Office,A,2001,44857.33669185938,0.9364327091848482,27.791608188823364,,,0.06837090801996441
CBRE_00311,COMP_CBRE_00311_2,6667 Comp Street,2.8,Medical Office,B,2010,43180.02241605898,0.8892474143990541,34.85743828173812,,,0.07104943724343298
CBRE_00311,COMP_CBRE_00311_3,3350 Comp Street,2.0,Medical Office,B,2011,28908.856082617735,0.945278978628569,33.90954276675946,,,0.07208884342616025
CBRE_00311,COMP_CBRE_00311_4,2205 Comp Street,2.7,Medical Office,B,2006,40424.408407377836,0.7985747833474273,27.96159068851313,8010778.6108928835,2023-12-26,0.06652491733707265
CBRE_00311,COMP_CBRE_00311_5,7302 Comp Street,3.4,Medical Office,B,2015,37464.59616444873,0.9091637325677038,32.75421524363371,,,0.0696171757081965
CBRE_00194,COMP_CBRE_00194_1,1951 Comp Street,1.0,Retail,A,2007,45811.18412106758,1.010917282937907,17.23691641970462,2077323.7943083164,,0.06315777503626895
CBRE_00194,COMP_CBRE_00194_2,8388 Comp Street,1.2,Retail,A,2019,46808.24086695419,1.0016792887442785,19.38921948136425,2238510.897819332,,0.06808847530513784
CBRE_00194,COMP_CBRE_00194_3,7421 Comp Street,1.1,Retail,A,2000,32541.36500916415,0.9935613694060302,18.448627718623612,2016126.6464334023,,0.061365450163200094
CBRE_00123,COMP_CBRE_00123_1,8952 Comp Street,0.7,Office,B,1990,101868.85766892179,0.821439209605199,31.086177438808154,,2024-03-16,0.07464537973059648
CBRE_00123,COMP_CBRE_00123_2,8028 Comp Street,3.7,Office,A,1989,79449.49584883651,0.8233201668839805,30.646725926363718,8782905.785601169,2023-01-23,0.07224888456415983
CBRE_00123,COMP_CBRE_00123_3,409 Comp Street,2.0,Office,C,1999,75929.39063515399,0.8779766110090693,28.070925903016967,,,0.08440788961599503
CBRE_00123,COMP_CBRE_00123_4,9006 Comp Street,4.0,Office,B,2001,60457.79952975616,0.854956329622754,31.543256206483317,,2023-08-22,0.07347024641289424
CBRE_00123,COMP_CBRE_00123_5,8676 Comp Street,4.6,Office,B,1988,78394.91430550133,0.7455097514923613,28.22954835369867,10014478.705879884,,0.08521301095415132
CBRE_00090,COMP_CBRE_00090_1,8065 Comp Street,0.4,Data Center,B,1992,46304.22705584884,0.7620776502726723,14.004924444976501,,2023-07-31,0.0667959164187615
CBRE_00090,COMP_CBRE_00090_2,9081 Comp Street,1.7,Data Center,B,1996,75265.25350914037,0.8093441771362679,13.908162646307103,,,0.07672688983993808
CBRE_00090,COMP_CBRE_00090_3,3200 Comp Street,0.7,Data Center,B,1995,75188.63988311903,0.7524894244584887,17.348416783764506,-2572908.412411021,,0.06768420613355272
CBRE_00090,COMP_CBRE_00090_4,5546 Comp Street,0.4,Data Center,C,1999,63765.01144571497,0.8651253089298301,17.524099495722954,,2024-08-08,0.07740011559586397
CBRE_00090,COMP_CBRE_00090_5,5497 Comp Street,2.0,Data Center,B,1989,63234.97828864123,0.8499611579116124,17.50155494480732,,2024-01-14,0.07257336894548462
CBRE_00138,COMP_CBRE_00138_1,5423 Comp Street,1.0,Multifamily,A,2006,59944.50936019984,0.849722473130448,39.02219861624488,,,0.058446766192074534
CBRE_00138,COMP_CBRE_00138_2,5147 Comp Street,4.6,Multifamily,B,2009,88709.57904090024,0.9278331593767536,38.77546506942457,,,0.053777661143129804
CBRE_00138,COMP_CBRE_00138_3,5288 Comp Street,3.2,Multifamily,B,1996,86323.79327583674,0.8239052350292138,30.345619552608916,29003370.34904072,,0.06078727787217651
CBRE_00138,COMP_CBRE_00138_4,8334 Comp Street,2.3,Multifamily,C,2003,74315.69956791653,0.8708652053395967,33.679646329046,,2024-02-05,0.06227130234382765
CBRE_00075,COMP_CBRE_00075_1,572 Comp Street,3.4,Medical Office,A,2001,16845.722999264406,0.8469620366669647,29.679957620347913,,,0.0755802274561067
CBRE_00075,COMP_CBRE_00075_2,8951 Comp Street,2.3,Medical Office,C,2010,14057.256773148738,0.9522529135179423,32.75236822412864,,2024-12-26,0.07976407818688225
CBRE_00075,COMP_CBRE_00075_3,9824 Comp Street,3.7,Medical Office,B,2002,14188.089824141061,0.9681186695761435,32.55603919652985,3472401.06008847,,0.06798345783340363
CBRE_00075,COMP_CBRE_00075_4,7899 Comp Street,3.7,Medical Office,C,2015,15538.065804716467,0.9483727496198756,26.495783412652948,4164161.655847643,,0.07441677350865111
CBRE_00075,COMP_CBRE_00075_5,788 Comp Street,4.3,Medical Office,A,1998,23972.6444762394,0.9151209734200932,28.0100678423858,3198164.3338221265,,0.07090109293307104
CBRE_00398,COMP_CBRE_00398_1,4909 Comp Street,1.3,Retail,C,1979,50346.68923332565,0.941241298486834,27.323881886151412,,,0.05529866296866962
CBRE_00398,COMP_CBRE_00398_2,6010 Comp Street,3.4,Retail,A,1964,34661.80193474688,0.9979335266242749,28.846438291647786,12121582.551930565,,0.05934309532298568
CBRE_00398,COMP_CBRE_00398_3,7355 Comp Street,3.8,Retail,B,1972,52804.88606365028,0.9168056168024967,29.00929129438448,,,0.056065970331387646
CBRE_00398,COMP_CBRE_00398_4,4285 Comp Street,3.9,Retail,C,1972,57947.30743412428,0.9151660591433323,35.18150646443129,,,0.06190778355129644
CBRE_00398,COMP_CBRE_00398_5,5923 Comp Street,4.1,Retail,B,1968,52196.238856217904,0.8866279291424823,27.722978919258395,,2023-07-18,0.058864066366789515
CBRE_00263,COMP_CBRE_00263_1,184 Comp Street,4.4,Industrial,A,1977,59647.237058736864,0.9045073436792321,7.4027905880694975,-6012874.366567668,,0.06352316938285207
CBRE_00263,COMP_CBRE_00263_2,5886 Comp Street,4.3,Industrial,B,1984,85904.45941644785,0.9647594239106323,7.148887507963953,,,0.057496478189405766
CBRE_00263,COMP_CBRE_00263_3,6838 Comp Street,4.0,Industrial,B,1971,88476.10686932888,1.0420794339133637,7.2421094354787385,,2024-09-15,0.05649719717887813
CBRE_00263,COMP_CBRE_00263_4,6541 Comp Street,4.5,Industrial,B,1980,83324.97559497194,0.8929417414559294,7.20971331874114,,,0.06058421090485905
CBRE_00263,COMP_CBRE_00263_5,4476 Comp Street,2.2,Industrial,A,1972,70663.99096848624,0.9224396598287999,6.6381863421545315,,,0.0540370440033791
CBRE_00346,COMP_CBRE_00346_1,7626 Comp Street,3.1,Mixed Use,C,2001,129278.1287230381,0.8952215294407109,66.90038985678235,,,0.049401911616204795
CBRE_00346,COMP_CBRE_00346_2,8114 Comp Street,0.6,Mixed Use,B,1998,116637.43761597046,0.8554717712983982,69.31970069302386,97525109.34873316,,0.04802968512542607
CBRE_00346,COMP_CBRE_00346_3,8308 Comp Street,0.7,Mixed Use,B,1997,103215.59717533104,0.9108868075687709,63.79064691351543,,,0.053103356104047525
CBRE_00346,COMP_CBRE_00346_4,1897 Comp Street,4.5,Mixed Use,C,2001,96451.93925590435,0.892535557428744,83.92275180566871,101420137.69844365,,0.048823366172419023
CBRE_00206,COMP_CBRE_00206_1,5437 Comp Street,4.4,Retail,C,2018,11346.149325641147,0.8639148316752862,81.61818394070833,,2024-05-29,0.05384346073713483
CBRE_00206,COMP_CBRE_00206_2,5734 Comp Street,2.1,Retail,C,2009,13097.705834178414,0.7978451512179201,73.46540127928694,13916891.217334773,,0.05580461219215643
CBRE_00206,COMP_CBRE_00206_3,7372 Comp Street,4.0,Retail,B,2012,9980.246926277454,0.8038146131712286,75.93499558749842,,,0.04800123820547956
CBRE_00206,COMP_CBRE_00206_4,9655 Comp Street,3.4,Retail,A,2009,11568.299845373685,0.9407006596433561,80.91041976865328,,,0.05362725105891993
CBRE_00347,COMP_CBRE_00347_1,7852 Comp Street,1.6,Mixed Use,C,2023,96177.36029479055,0.8237212171486528,23.46665360688888,,,0.06700482325833883
CBRE_00347,COMP_CBRE_00347_2,4829 Comp Street,2.2,Mixed Use,C,2032,72968.80795126763,0.8822667615229979,22.490505079019854,,,0.06981428496471644
CBRE_00347,COMP_CBRE_00347_3,3836 Comp Street,3.1,Mixed Use,B,2019,117677.28378079113,0.8770088573560402,25.082707614682505,5110900.659422975,,0.07764660518573618
CBRE_00278,COMP_CBRE_00278_1,297 Comp Street,0.5,Medical Office,A,1974,47400.920490465745,0.8247817538205109,45.75961256914457,16994057.158158377,,0.060887971938913155
CBRE_00278,COMP_CBRE_00278_2,2043 Comp Street,1.4,Medical Office,C,1974,31567.938569069815,0.8901444500193634,35.752905972904394,,2024-11-20,0.06609215237635474
CBRE_00278,COMP_CBRE_00278_3,7913 Comp Street,0.2,Medical Office,B,1982,29520.509013751907,0.9284045712361442,41.16993018324555,,,0.05777434836604612
CBRE_00050,COMP_CBRE_00050_1,8164 Comp Street,1.8,Office,B,1999,64873.917394602926,0.75424261303964,27.13565556826702,,2023-01-12,0.07152263881348407
CBRE_00050,COMP_CBRE_00050_2,4527 Comp Street,4.0,Office,A,2011,78633.47457802702,0.8130389783148727,30.892981775418455,11040221.063351039,,0.0716140324139245
CBRE_00050,COMP_CBRE_00050_3,4575 Comp Street,0.2,Office,A,2016,43440.74121686537,0.7458966653818706,32.25589194131129,10431733.098070195,,0.06345448391410284
CBRE_00382,COMP_CBRE_00382_1,804 Comp Street,4.0,Multifamily,B,2005,110201.82462602119,0.9109232564117515,24.99974539539068,18683215.510215264,,0.05390760758981989
CBRE_00382,COMP_CBRE_00382_2,8964 Comp Street,2.7,Multifamily,C,2014,130412.9798703572,0.8606283107036816,28.11667709678189,,,0.05337709368936653
CBRE_00382,COMP_CBRE_00382_3,5799 Comp Street,2.0,Multifamily,A,2009,109809.75743657566,0.9308537143956463,26.076398635416016,16717563.368880019,,0.061812030336399044
CBRE_00382,COMP_CBRE_00382_4,4817 Comp Street,2.0,Multifamily,B,2009,107284.43453975045,0.9089095264174731,26.96276246917973,,2024-12-02,0.0536435486299793
CBRE_00334,COMP_CBRE_00334_1,4842 Comp Street,0.3,Industrial,A,2027,130142.1640303865,1.0265536965017024,15.496057273146937,,,0.05431088270949946
CBRE_00334,COMP_CBRE_00334_2,8415 Comp Street,4.6,Industrial,C,2028,146716.71325968538,0.933114389054992,14.904221520941022,,,0.04549585523380528
CBRE_00334,COMP_CBRE_00334_3,2839 Comp Street,0.5,Industrial,B,2016,120506.03536935223,1.0043853970918566,12.521519726175061,,,0.04903713366156281
CBRE_00439,COMP_CBRE_00439_1,153 Comp Street,3.5,Industrial,A,1979,113537.24924145041,1.007581206060163,9.78126381060273,,,0.05602798908240615
CBRE_00439,COMP_CBRE_00439_2,6074 Comp Street,1.3,Industrial,B,1969,87793.03462069712,1.0098356431870237,9.712318615846511,,2023-11-07,0.06057113101855879
CBRE_00439,COMP_CBRE_00439_3,2049 Comp Street,2.6,Industrial,A,1982,137174.8685326776,0.8818152658746395,10.3552709760737,,,0.05748821742577706
CBRE_00439,COMP_CBRE_00439_4,8420 Comp Street,3.5,Industrial,B,1973,104113.39885410409,0.916613647064391,7.691875771108535,,,0.058878742214027724
CBRE_00439,COMP_CBRE_00439_5,4542 Comp Street,1.1,Industrial,A,1971,131256.07798875714,0.9224617442314578,9.110567373990046,-3698870.847793099,,0.05273691198942481
CBRE_00226,COMP_CBRE_00226_1,215 Comp Street,1.6,Office,C,1974,99929.55022639218,0.8314192917099393,17.563421055943852,,,0.07210720054862584
CBRE_00226,COMP_CBRE_00226_2,6025 Comp Street,3.3,Office,B,1991,92965.04945383899,0.8905812975105452,14.479176703820661,,2024-07-01,0.08266754061445723
CBRE_00226,COMP_CBRE_00226_3,5005 Comp Street,1.7,Office,A,1979,97362.67684953056,0.9079687124931594,18.564360353036783,2711287.3918071864,,0.07925942215421697
CBRE_00226,COMP_CBRE_00226_4,1780 Comp Street,2.2,Office,B,1982,103936.27118272905,0.837043017241444,16.32297544056887,,,0.07239278185742998
CBRE_00226,COMP_CBRE_00226_5,5808 Comp Street,1.5,Office,B,1988,74203.28631055428,0.9017492682163366,15.854174512425976,,2024-01-04,0.07713357461338503
CBRE_00223,COMP_CBRE_00223_1,5339 Comp Street,0.3,Office,A,2008,30166.896135931212,0.8146459901346266,33.52891755572469,,,0.07329518387087357
CBRE_00223,COMP_CBRE_00223_2,8286 Comp Street,2.1,Office,B,2003,30780.834917692453,0.882840834542402,27.11234764082507,,,0.0837027509634491
CBRE_00223,COMP_CBRE_00223_3,7808 Comp Street,0.3,Office,B,1995,27206.004106575398,0.9459778492759281,30.54200045729221,,,0.08099935615460994
CBRE_00466,COMP_CBRE_00466_1,4895 Comp Street,0.9,Retail,A,2026,47886.01235286387,0.9194881498131607,58.15694785010399,,,0.054894389010881846
CBRE_00466,COMP_CBRE_00466_2,2054 Comp Street,1.6,Retail,C,2026,31882.332556826477,0.8759306844357777,60.163626926507916,,,0.05019613707559133
CBRE_00466,COMP_CBRE_00466_3,7126 Comp Street,4.6,Retail,B,2030,47079.134708582234,0.7995095423682899,70.87933241293949,,2024-07-21,0.05233799907413069
CBRE_00466,COMP_CBRE_00466_4,453 Comp Street,2.9,Retail,C,2013,37963.87945682734,0.8403335488494712,71.26002152807762,,2024-07-13,0.05554465252629192
CBRE_00052,COMP_CBRE_00052_1,8589 Comp Street,3.5,Multifamily,B,2024,69849.87108400498,0.8085256358223303,22.388788207284552,11329552.262506714,,0.06712244590804656
CBRE_00052,COMP_CBRE_00052_2,3041 Comp Street,1.3,Multifamily,C,2018,100583.4678727666,0.9534661827995438,21.185634998555397,9571441.594138546,,0.06319568344471634
CBRE_00052,COMP_CBRE_00052_3,8971 Comp Street,1.7,Multifamily,B,2026,86053.64923713738,0.9028603588699267,26.887050899509166,,2023-09-26,0.06422453126898821
CBRE_00052,COMP_CBRE_00052_4,5862 Comp Street,2.8,Multifamily,A,2029,80855.36469834807,0.8682737035061197,21.732263995732286,,,0.0678268553122684
CBRE_00259,COMP_CBRE_00259_1,3113 Comp Street,4.8,Retail,B,2024,19035.682728457683,1.0090477291149746,36.11818219889186,7048900.818108433,,0.06287795089201018
CBRE_00259,COMP_CBRE_00259_2,2713 Comp Street,3.3,Retail,B,2028,15087.719613390133,0.8647587447748911,36.48341787528741,6934119.581036421,,0.05753617687441574
CBRE_00259,COMP_CBRE_00259_3,6278 Comp Street,2.8,Retail,B,2023,19869.814150579947,1.0374467547076915,33.88547177090133,,,0.06069934304668067
CBRE_00448,COMP_CBRE_00448_1,2615 Comp Street,1.2,Medical Office,A,2018,57143.83566579892,0.7816663387576421,52.8886684948166,,2023-12-06,0.04901034741960593
CBRE_00448,COMP_CBRE_00448_2,9196 Comp Street,0.4,Medical Office,B,2007,31902.121483142888,0.9351818032985305,66.0613276840476,26909114.71064798,2024-05-05,0.05407552329341107
CBRE_00448,COMP_CBRE_00448_3,7792 Comp Street,1.8,Medical Office,B,2021,57104.185679474765,0.8352763965820329,63.315340514999455,,,0.048045633362334424
CBRE_00448,COMP_CBRE_00448_4,5232 Comp Street,3.0,Medical Office,C,2017,42343.10723901803,0.8370442403583007,54.41463259136728,,,0.04877139072206885
CBRE_00448,COMP_CBRE_00448_5,7047 Comp Street,2.4,Medical Office,C,2011,52836.3559445592,0.786056558171372,55.138870253362605,,2024-01-19,0.048833982972474356
CBRE_00333,COMP_CBRE_00333_1,9467 Comp Street,4.3,Industrial,B,2004,121193.36524924029,0.9288609426224024,13.278218375124444,-711487.9707484335,,0.050011769102223845
CBRE_00333,COMP_CBRE_00333_2,265 Comp Street,1.0,Industrial,B,2002,79421.22602812973,0.8894698291285096,11.854544724560204,,,0.05879097299220829
CBRE_00333,COMP_CBRE_00333_3,2038 Comp Street,5.0,Industrial,A,2003,115956.00784101988,0.899338882535405,11.993011322659097,,2023-06-23,0.05714756790446484
CBRE_00333,COMP_CBRE_00333_4,3154 Comp Street,3.5,Industrial,B,2005,97670.17035906341,0.8493314407639073,13.730995323445013,,2023-03-04,0.05523853769523727
CBRE_00077,COMP_CBRE_00077_1,2438 Comp Street,2.3,Office,A,1989,68289.99869865428,0.7478678556826563,36.9189134968423,14978406.970178414,2024-06-17,0.07298198183007402
CBRE_00077,COMP_CBRE_00077_2,1343 Comp Street,3.9,Office,B,1987,83476.0700934157,0.8297283492955183,32.59057722044932,,2023-09-05,0.06579472776936648
CBRE_00077,COMP_CBRE_00077_3,9263 Comp Street,3.6,Office,C,1979,88988.36544075083,0.834768778654668,32.46171105155773,12402562.436858742,,0.07245240867521985
CBRE_00041,COMP_CBRE_00041_1,7046 Comp Street,3.5,Industrial,C,2010,22035.334229336007,0.9501657315530411,7.1489580213732,,,0.05199725388879891
CBRE_00041,COMP_CBRE_00041_2,8185 Comp Street,0.6,Industrial,A,2007,26612.33077408226,1.0287119989566338,8.295194381083359,,,0.05232517180006196
CBRE_00041,COMP_CBRE_00041_3,3197 Comp Street,1.1,Industrial,A,2004,17440.299937695534,1.0085796397370543,7.637139481081809,-858935.8397155515,,0.052979588870859365
CBRE_00089,COMP_CBRE_00089_1,7292 Comp Street,4.5,Office,B,1991,39218.3444239669,0.8029662229355223,17.649360225283775,864484.5249879098,,0.08310266810553746
CBRE_00089,COMP_CBRE_00089_2,5833 Comp Street,1.5,Office,A,1991,26280.428745230784,0.9213781008128801,14.300990360011058,,2024-01-13,0.08533056707672126
CBRE_00089,COMP_CBRE_00089_3,5930 Comp Street,5.0,Office,A,1999,35783.58751380713,0.8925619095491022,15.01698393079419,974540.7155336414,2024-04-02,0.07890322734436347
CBRE_00089,COMP_CBRE_00089_4,624 Comp Street,3.5,Office,C,1996,28685.936226777456,0.9415846462933218,14.57682995212122,,,0.07749229785425976
CBRE_00287,COMP_CBRE_00287_1,4600 Comp Street,3.9,Data Center,B,2006,45264.43939032292,0.8739513529937265,14.763409914505475,,2024-06-04,0.07421671717152839
CBRE_00287,COMP_CBRE_00287_2,1792 Comp Street,0.6,Data Center,C,2005,46502.77656455407,0.9301710383035637,18.589216774070245,,,0.07715676797684473
CBRE_00287,COMP_CBRE_00287_3,508 Comp Street,3.0,Data Center,B,1995,44634.271292263285,0.9653295719894135,18.29407599598999,889195.1957730128,2023-10-05,0.06641894818251437
CBRE_00372,COMP_CBRE_00372_1,5018 Comp Street,4.1,Multifamily,B,1982,86609.8471691724,0.9404159703216635,22.553403584994765,,,0.06834092402641928
CBRE_00372,COMP_CBRE_00372_2,2946 Comp Street,0.3,Multifamily,B,1969,65663.48420711781,0.8537361264048616,23.920684937871616,,,0.0658761565628379
CBRE_00372,COMP_CBRE_00372_3,9302 Comp Street,2.2,Multifamily,B,1976,86489.96149365517,0.9371456283986471,23.817279454189386,,2024-06-17,0.06382630424330825
CBRE_00005,COMP_CBRE_00005_1,4544 Comp Street,4.6,Industrial,A,2008,130272.89302783563,1.0502790983141703,7.646194120898305,,2023-07-31,0.055804355987288806
CBRE_00005,COMP_CBRE_00005_2,8368 Comp Street,4.6,Industrial,C,2026,123674.52700150858,0.9481336432407171,8.732690732922185,,,0.04973033782916069
CBRE_00005,COMP_CBRE_00005_3,3372 Comp Street,0.9,Industrial,B,2027,142860.4683819578,1.0084449761050858,7.802822733038652,,2023-04-05,0.0502492527791219
CBRE_00086,COMP_CBRE_00086_1,5067 Comp Street,1.6,Multifamily,A,2013,76687.74151564462,0.9586307210720545,27.83314034300907,,,0.06501116706535402
CBRE_00086,COMP_CBRE_00086_2,8944 Comp Street,4.8,Multifamily,B,2023,110245.58955246034,0.8811635735295754,23.660226989625674,,2023-07-22,0.07227529427009298
CBRE_00086,COMP_CBRE_00086_3,6901 Comp Street,0.2,Multifamily,C,2028,78048.27833183577,0.8072384742925527,22.152890816474674,15890704.054312134,,0.06382122310134379
CBRE_00086,COMP_CBRE_00086_4,2000 Comp Street,3.7,Multifamily,B,2024,115064.5125352651,0.8193405400903749,22.372857495233372,,,0.06622906370202417
CBRE_00086,COMP_CBRE_00086_5,5825 Comp Street,5.0,Multifamily,C,2018,73747.24835018636,0.9576299473199117,23.48827343361334,16963217.508892503,2024-11-15,0.06748284758215566
CBRE_00004,COMP_CBRE_00004_1,3394 Comp Street,1.0,Industrial,B,2010,100457.18654709532,0.9120119355420835,9.444399833776126,-4820213.674867489,,0.05371267363815066
CBRE_00004,COMP_CBRE_00004_2,5160 Comp Street,3.7,Industrial,B,2015,85941.17060289725,0.8678840752490294,10.30765710232056,,,0.06301832136226158
CBRE_00004,COMP_CBRE_00004_3,3135 Comp Street,2.3,Industrial,B,2015,109026.3461737941,0.8427739021616573,8.126345645170531,,,0.05657477995276251
CBRE_00004,COMP_CBRE_00004_4,3415 Comp Street,5.0,Industrial,B,2001,105883.97621346377,0.8946659473480504,9.397363115094045,-3981977.3814478917,2024-07-15,0.05991630197584037
CBRE_00453,COMP_CBRE_00453_1,4084 Comp Street,0.6,Multifamily,B,2026,118629.11854507873,0.8474232523337111,17.793046904486378,,,0.07099504436109488
CBRE_00453,COMP_CBRE_00453_2,1921 Comp Street,3.4,Multifamily,A,2022,106228.79747108552,0.9163972508144912,18.938582673542015,782659.7865802394,,0.0790665744670834
CBRE_00453,COMP_CBRE_00453_3,3039 Comp Street,0.7,Multifamily,A,2009,85696.65810183277,0.919346329613836,18.425619915859276,,,0.07124478049233218
CBRE_00156,COMP_CBRE_00156_1,8643 Comp Street,4.7,Retail,A,2008,37693.84822790839,0.9841925724416649,42.05486082247734,,,0.060586903972836705
CBRE_00156,COMP_CBRE_00156_2,1258 Comp Street,4.8,Retail,B,2005,53823.82239086058,0.8827598156778897,42.67582760681938,,,0.05505372589552112
CBRE_00156,COMP_CBRE_00156_3,9252 Comp Street,3.8,Retail,B,2015,45817.10236914898,1.006559410190434,45.82490402383217,22152631.31055843,,0.06235285897281094
CBRE_00156,COMP_CBRE_00156_4,9354 Comp Street,1.9,Retail,B,2004,51810.670667268976,0.9956053550037581,40.29467647145431,,2024-04-05,0.06572588728198898
CBRE_00413,COMP_CBRE_00413_1,6967 Comp Street,4.4,Mixed Use,A,2018,108176.87592063074,0.937706561294564,53.75186494795012,90027576.2303925,,0.048577661081165055
CBRE_00413,COMP_CBRE_00413_2,5421 Comp Street,3.4,Mixed Use,C,2014,94693.88875626863,0.8928406317726544,52.875279892183976,,2024-09-03,0.05355676134068194
CBRE_00413,COMP_CBRE_00413_3,4455 Comp Street,3.5,Mixed Use,A,2026,90047.35617943942,0.8228996802702618,64.33722307790246,,,0.05290427402311364
CBRE_00413,COMP_CBRE_00413_4,2835 Comp Street,4.5,Mixed Use,B,2023,141720.2620028268,0.8981902680375494,60.56845320704915,,,0.050782475763546185
CBRE_00413,COMP_CBRE_00413_5,4073 Comp Street,0.6,Mixed Use,C,2011,120756.32512503769,0.8185887990124096,55.96885315577135,,,0.051420104072559945
CBRE_00330,COMP_CBRE_00330_1,6235 Comp Street,4.2,Data Center,B,1975,39819.69247280143,0.8116195686184687,32.897930516825895,8754302.062245661,,0.054747082108113805
CBRE_00330,COMP_CBRE_00330_2,5900 Comp Street,1.9,Data Center,A,1978,25866.992274282617,0.7842584868359593,37.53141504023014,,,0.060804524604182286
CBRE_00330,COMP_CBRE_00330_3,8077 Comp Street,1.5,Data Center,C,1966,39757.20096668355,0.9050755598199255,31.314781182363607,,2023-10-17,0.05310657185783442
CBRE_00330,COMP_CBRE_00330_4,5515 Comp Street,3.4,Data Center,B,1985,42934.63032815801,0.8985739743488043,35.655585329259445,8869086.076560808,,0.059137975142693436
CBRE_00157,COMP_CBRE_00157_1,6213 Comp Street,0.9,Office,B,2023,36178.23833809581,0.8066407379010582,28.343960441112618,,,0.0681354314870295
CBRE_00157,COMP_CBRE_00157_2,752 Comp Street,1.5,Office,B,2018,50124.36914307709,0.7618572041146916,31.80168230548536,,,0.06937379222405335
CBRE_00157,COMP_CBRE_00157_3,5144 Comp Street,1.3,Office,A,2016,36636.556251659196,0.8788794791799686,30.88091012003621,,,0.06471571387013478
CBRE_00241,COMP_CBRE_00241_1,398 Comp Street,3.6,Office,B,1991,40320.69366234288,0.8341097295523672,25.37202617372411,,,0.08217613169011664
CBRE_00241,COMP_CBRE_00241_2,6542 Comp Street,0.9,Office,C,1988,23860.49286339801,0.8999988469833665,19.65387345027597,,,0.07030683112167414
CBRE_00241,COMP_CBRE_00241_3,4391 Comp Street,1.7,Office,C,1982,22972.773600937602,0.9001502319448226,24.564149519189968,,,0.08576625221938068
CBRE_00241,COMP_CBRE_00241_4,1472 Comp Street,2.8,Office,B,1977,23366.54714920746,0.9091406225368823,19.015717720792903,,,0.07416228445943682
CBRE_00241,COMP_CBRE_00241_5,9081 Comp Street,0.3,Office,A,1988,23864.366825635367,0.8580376169153751,25.308063021547262,2470293.9318997166,,0.07543546654174225
CBRE_00441,COMP_CBRE_00441_1,8674 Comp Street,4.7,Data Center,B,2018,53987.82882952945,0.9141648826445418,19.535758810820557,,2024-08-20,0.07237059739784472
CBRE_00441,COMP_CBRE_00441_2,5780 Comp Street,0.2,Data Center,B,2010,43517.708351670066,0.8639474372458799,19.77382772042953,,,0.06649964684314127
CBRE_00441,COMP_CBRE_00441_3,2965 Comp Street,0.8,Data Center,B,2027,46245.47353351095,0.9633028668741229,18.82616236029366,3538913.3006893033,,0.06245313613197836
CBRE_00441,COMP_CBRE_00441_4,707 Comp Street,4.6,Data Center,C,2016,42807.81649078472,0.9008149550007649,21.71590929492947,4079040.254921959,,0.060339392182691846
CBRE_00441,COMP_CBRE_00441_5,338 Comp Street,3.0,Data Center,B,2010,63134.07855320294,0.9497240184809261,17.833026031456125,,,0.061836673275706015
CBRE_00199,COMP_CBRE_00199_1,790 Comp Street,2.3,Data Center,C,2011,41579.93142750842,0.8264280336350455,27.67545622316223,3815898.2424298534,2024-12-12,0.05954175994137295
CBRE_00199,COMP_CBRE_00199_2,8724 Comp Street,2.7,Data Center,B,2022,28611.52171737513,0.7983202579045374,26.25706591644585,,2024-03-26,0.0648690916371642
CBRE_00199,COMP_CBRE_00199_3,2582 Comp Street,1.1,Data Center,B,2004,42941.31046649365,0.8374089596026747,27.24506435433262,,,0.06952666215124732
CBRE_00199,COMP_CBRE_00199_4,8215 Comp Street,3.4,Data Center,B,2011,26935.2887127945,0.7939295625478449,25.71861777617413,5056724.597155304,,0.06838401021261058
CBRE_00199,COMP_CBRE_00199_5,4880 Comp Street,2.9,Data Center,A,2012,37400.00968015181,0.7718278332227941,22.532903884878582,,2023-10-10,0.06389300170839451
CBRE_00393,COMP_CBRE_00393_1,8898 Comp Street,2.1,Retail,C,2015,25353.036299182368,0.8909509659063849,29.944692687133244,,,0.07019902678403632
CBRE_00393,COMP_CBRE_00393_2,7484 Comp Street,2.0,Retail,A,2008,40121.33373728307,0.9147076963322728,29.795275764633736,,2023-06-23,0.07045566878262835
CBRE_00393,COMP_CBRE_00393_3,295 Comp Street,2.0,Retail,C,2014,28929.97507255705,1.0259669872881336,29.095866664604774,,,0.06003617645398405
CBRE_00449,COMP_CBRE_00449_1,3957 Comp Street,2.5,Multifamily,B,1967,52807.80060601109,0.9273870420199772,57.24625120101978,31804756.16440837,,0.04966321328335361
CBRE_00449,COMP_CBRE_00449_2,4529 Comp Street,0.2,Multifamily,B,1973,44023.39979518761,0.8430205670351198,51.094190160869395,41598953.16106985,,0.04980722657180541
CBRE_00449,COMP_CBRE_00449_3,9438 Comp Street,1.5,Multifamily,B,1983,50600.32507540455,0.7763533423888676,46.591013238210856,,2024-05-26,0.053606547978081995
CBRE_00449,COMP_CBRE_00449_4,6611 Comp Street,2.6,Multifamily,C,1982,55216.71186112348,0.8527696337306041,59.24534198835413,,,0.05527581266656447
CBRE_00323,COMP_CBRE_00323_1,2739 Comp Street,3.2,Office,B,2019,84857.72548751837,0.7728635532468444,60.90436844329211,,,0.06447728575592783
CBRE_00323,COMP_CBRE_00323_2,3025 Comp Street,0.7,Office,C,2011,79285.41136960979,0.9063290206019649,53.86681754071516,39675120.48974761,2023-04-15,0.05877753920560494
CBRE_00323,COMP_CBRE_00323_3,4355 Comp Street,2.7,Office,B,2005,105941.76491668857,0.9233221915169466,61.20657794176014,,,0.06613437992724562
CBRE_00323,COMP_CBRE_00323_4,8659 Comp Street,1.9,Office,B,2012,104595.87465952472,0.8725004737231347,57.5015095265153,,,0.05963020245251351
CBRE_00137,COMP_CBRE_00137_1,8888 Comp Street,1.3,Retail,B,2024,27886.070448110837,0.8955328621281413,30.791515814929518,,,0.06412944224485587
CBRE_00137,COMP_CBRE_00137_2,8961 Comp Street,4.0,Retail,B,2013,19708.385709541853,1.012192674000516,33.15919557851244,4229731.438822895,,0.06890314889816611
CBRE_00137,COMP_CBRE_00137_3,3263 Comp Street,4.2,Retail,B,2023,17532.073219442205,0.9963231482989484,25.190224730040455,,,0.07159237189422962
CBRE_00373,COMP_CBRE_00373_1,7984 Comp Street,2.1,Multifamily,B,1987,129395.56303904703,0.8332920742231823,42.61668945267525,,,0.06418034837073547
CBRE_00373,COMP_CBRE_00373_2,1348 Comp Street,1.1,Multifamily,C,1999,117979.25626485406,0.9421960448884253,41.33250538894606,,,0.06378838830086352
CBRE_00373,COMP_CBRE_00373_3,595 Comp Street,1.8,Multifamily,A,1995,110049.44126163799,0.9041003100915534,32.24018204589752,,,0.06267478527567746
CBRE_00373,COMP_CBRE_00373_4,3194 Comp Street,1.3,Multifamily,A,1996,98978.53726611784,0.8350366873768788,34.676658686302886,33882121.30496548,,0.06171044892860566
CBRE_00474,COMP_CBRE_00474_1,9327 Comp Street,2.2,Multifamily,B,2019,108306.26169596767,0.9341408375203956,16.890037030460938,,,0.0686827519768923
CBRE_00474,COMP_CBRE_00474_2,116 Comp Street,3.7,Multifamily,B,2008,94006.19945999396,0.8091791609905779,18.329477427412066,,2023-10-12,0.07456620612642499
CBRE_00474,COMP_CBRE_00474_3,5628 Comp Street,1.5,Multifamily,A,2014,148966.24050490645,0.8151139629872423,18.305852978434018,1789921.7688619937,,0.07600571287016708
CBRE_00474,COMP_CBRE_00474_4,9546 Comp Street,3.2,Multifamily,B,2009,115368.14187757077,0.9442784100418677,19.21647845823301,,,0.08009613183441082
CBRE_00120,COMP_CBRE_00120_1,5424 Comp Street,0.9,Retail,B,1995,35637.88705868748,0.9705118969851522,24.407908543212375,,,0.05967616929872714
CBRE_00120,COMP_CBRE_00120_2,8582 Comp Street,1.4,Retail,C,2004,20980.22149729933,0.9133656617686795,25.424233744695243,,,0.058675212578199895
CBRE_00120,COMP_CBRE_00120_3,1922 Comp Street,0.7,Retail,B,1994,27819.637263103992,0.9143165843705385,26.625699292276956,,,0.06370385845160961
CBRE_00470,COMP_CBRE_00470_1,3022 Comp Street,3.9,Retail,B,1982,26624.89021032406,0.847107248238535,53.1257629379412,20653377.71891827,,0.05497958227768436
CBRE_00470,COMP_CBRE_00470_2,1238 Comp Street,0.2,Retail,A,1995,28718.660187202906,0.9091596996330853,59.56738195332927,,,0.05861890310317938
CBRE_00470,COMP_CBRE_00470_3,1917 Comp Street,0.8,Retail,C,1989,22086.98902423792,0.8604955006368844,62.57748554940568,,2024-08-11,0.057465990406099246
CBRE_00470,COMP_CBRE_00470_4,2914 Comp Street,1.9,Retail,B,1976,30906.393964720424,0.9016347825144087,50.122996002306344,,,0.06142811166183377
CBRE_00470,COMP_CBRE_00470_5,5817 Comp Street,1.4,Retail,A,1976,29868.728462845505,0.8938334395433605,50.846997247233844,,,0.06325888370543276
CBRE_00028,COMP_CBRE_00028_1,9383 Comp Street,0.7,Mixed Use,C,2016,75161.48730261589,0.8183913125929851,37.18229359673971,,,0.06364445777389678
CBRE_00028,COMP_CBRE_00028_2,7744 Comp Street,2.8,Mixed Use,B,2009,93472.2308579411,0.8192594100840761,28.563887543772612,,,0.0588517460414059
CBRE_00028,COMP_CBRE_00028_3,7768 Comp Street,3.5,Mixed Use,B,2019,75465.2054105022,0.7678731657785568,34.38234007994147,,2024-06-06,0.06619574042148421
CBRE_00028,COMP_CBRE_00028_4,4471 Comp Street,2.2,Mixed Use,C,2012,90681.00932550592,0.8984463966622687,32.204976034676065,,,0.0683598780795223
CBRE_00179,COMP_CBRE_00179_1,4413 Comp Street,3.5,Office,C,2010,81939.50364867905,0.8389891541114378,33.817838040410614,14032162.18182187,,0.07139240076948584
CBRE_00179,COMP_CBRE_00179_2,2756 Comp Street,4.1,Office,B,2008,57281.50152401646,0.8295561199525969,29.973564994727827,,2023-12-06,0.07475712426169413
CBRE_00179,COMP_CBRE_00179_3,8903 Comp Street,0.3,Office,B,2006,83443.41184396134,0.8292679086537033,26.66792562158482,,2023-05-11,0.08024609287258258
CBRE_00179,COMP_CBRE_00179_4,4897 Comp Street,3.9,Office,B,1998,81451.66276337928,0.8330721063791869,30.576348197208905,,,0.06994919258993285
CBRE_00072,COMP_CBRE_00072_1,2314 Comp Street,4.4,Industrial,B,1992,93229.21214465974,0.9897738750258004,7.840545372459155,,,0.05897207223679615
CBRE_00072,COMP_CBRE_00072_2,3813 Comp Street,1.6,Industrial,B,2004,76817.90280286862,0.8902232969735273,7.915708481564974,-2930644.165762175,,0.0563376387217161
CBRE_00072,COMP_CBRE_00072_3,2867 Comp Street,3.9,Industrial,A,1993,131048.64686195231,1.0075358645127241,9.143531555032853,,2023-01-15,0.05970458731228244
CBRE_00072,COMP_CBRE_00072_4,1650 Comp Street,2.7,Industrial,A,2004,127612.83040677845,0.8920047499050963,9.42942855983021,,2024-09-01,0.05886974237559824
CBRE_00419,COMP_CBRE_00419_1,2791 Comp Street,2.7,Industrial,B,2008,142783.35513998033,0.9842804022456728,17.772411907900928,,,0.0561901369543596
CBRE_00419,COMP_CBRE_00419_2,2346 Comp Street,2.0,Industrial,A,2017,176172.1271643017,0.9277549120052763,18.02386613746159,,,0.05776739535936583
CBRE_00419,COMP_CBRE_00419_3,4563 Comp Street,2.4,Industrial,A,2012,167098.31604994895,0.9971372141703264,18.059710572434184,,,0.055505760259401356
CBRE_00419,COMP_CBRE_00419_4,9264 Comp Street,1.4,Industrial,B,2017,101107.31528100668,0.9322607451714047,17.923535880334978,,2024-03-01,0.05461803745431139
CBRE_00419,COMP_CBRE_00419_5,3069 Comp Street,2.6,Industrial,A,2014,137406.81385735722,0.9446015919726976,17.34168497580337,,,0.05228744436545083
CBRE_00498,COMP_CBRE_00498_1,7671 Comp Street,5.0,Industrial,B,2006,156521.01795731205,0.9559010477061636,11.75554245952325,,,0.05289483027532956
CBRE_00498,COMP_CBRE_00498_2,1176 Comp Street,2.7,Industrial,C,1999,190934.67863115796,0.9843019378781072,11.604619984428316,,,0.05138498389004149
CBRE_00498,COMP_CBRE_00498_3,7656 Comp Street,1.8,Industrial,B,2001,161147.5065719711,1.0004858826315188,10.602926155661297,-10643719.364483237,2024-04-06,0.05435892058379705
CBRE_00098,COMP_CBRE_00098_1,7522 Comp Street,4.9,Retail,A,1981,22083.309790467512,1.0003655145381818,23.934229385474097,2399812.428783993,,0.06529139592862175
CBRE_00098,COMP_CBRE_00098_2,8297 Comp Street,0.7,Retail,C,1986,23610.55001346047,0.8410362007164087,18.65357190180649,,,0.062473291108065925
CBRE_00098,COMP_CBRE_00098_3,6782 Comp Street,1.6,Retail,A,1987,25649.441132391665,0.9258522011523077,23.36232865661691,,,0.06233035046802334
CBRE_00114,COMP_CBRE_00114_1,5948 Comp Street,3.0,Mixed Use,B,2017,75138.7786835827,0.8787217610862141,13.59273514929988,-413512.80785590067,,0.07147333930068304
CBRE_00114,COMP_CBRE_00114_2,6232 Comp Street,0.5,Mixed Use,C,2022,76607.76294935719,0.9607188668102133,13.134785434224469,,,0.0804238723134604
CBRE_00114,COMP_CBRE_00114_3,4568 Comp Street,1.3,Mixed Use,C,2019,94899.2616333555,0.9952947205209067,14.943638735565198,,,0.0812884861729412
CBRE_00116,COMP_CBRE_00116_1,4127 Comp Street,1.4,Office,C,2011,174182.90642778503,0.7375278371972805,30.388876820665292,27276279.06289632,,0.0707689439982113
CBRE_00116,COMP_CBRE_00116_2,1722 Comp Street,0.8,Office,B,2012,146195.93296071573,0.7818179262434078,38.03569203843201,,2023-02-16,0.07420864472753562
CBRE_00116,COMP_CBRE_00116_3,7276 Comp Street,2.1,Office,A,2005,121239.8707252197,0.80730666499715,36.03916732603542,,,0.07573525396952409
CBRE_00116,COMP_CBRE_00116_4,2373 Comp Street,3.1,Office,C,2020,164400.7516923197,0.7576233534941108,32.91365452858066,28347886.76297344,,0.06581349650356329
CBRE_00303,COMP_CBRE_00303_1,3045 Comp Street,2.7,Office,B,1985,40444.04519364904,0.8212568124109471,29.197825769885196,10180199.963108316,,0.0732223441917685
CBRE_00303,COMP_CBRE_00303_2,6205 Comp Street,4.7,Office,A,1990,58007.11086413458,0.7850000238173087,32.35289049250408,,,0.06950422290633013
CBRE_00303,COMP_CBRE_00303_3,6180 Comp Street,3.3,Office,C,1986,73533.54115395455,0.789930743983715,31.118769562162676,,2024-09-05,0.06341818207640701
CBRE_00303,COMP_CBRE_00303_4,4222 Comp Street,1.6,Office,B,1986,54889.116808810126,0.8148333616752056,25.37668269256594,8199825.315449951,,0.07640198044243574
CBRE_00303,COMP_CBRE_00303_5,2904 Comp Street,2.3,Office,B,1975,51904.53247359854,0.810950600715902,26.210258422729037,,,0.07396947291787778
CBRE_00198,COMP_CBRE_00198_1,484 Comp Street,3.5,Office,A,1983,90200.62266298501,0.8984875276126683,37.50863315489225,,,0.06754660780109807
CBRE_00198,COMP_CBRE_00198_2,5739 Comp Street,1.6,Office,B,1985,84508.10088385435,0.8628450771147469,34.078568115193725,,,0.058926329157510546
CBRE_00198,COMP_CBRE_00198_3,1352 Comp Street,0.4,Office,C,1995,55972.86360738631,0.8716043844985368,33.904382222320585,,2024-08-17,0.0594251757895592
CBRE_00386,COMP_CBRE_00386_1,1431 Comp Street,1.5,Multifamily,B,1991,101759.12998969851,0.8947186611117519,32.91953688785649,,,0.06373342068708446
CBRE_00386,COMP_CBRE_00386_2,2977 Comp Street,0.4,Multifamily,A,1989,89497.75113489272,0.9273236044965478,30.77477428970799,,2024-03-14,0.06296468187410255
CBRE_00386,COMP_CBRE_00386_3,397 Comp Street,3.4,Multifamily,C,1984,86393.10804133794,0.9445008012951667,31.35147814066693,23356014.67154068,2024-05-09,0.062019503066423114
CBRE_00386,COMP_CBRE_00386_4,2051 Comp Street,0.6,Multifamily,A,1987,86919.51702142935,0.8715828002010946,28.522109369833426,,,0.05712301306579615
CBRE_00105,COMP_CBRE_00105_1,8570 Comp Street,2.8,Multifamily,A,1994,89583.07420447191,0.8738308407027261,24.643840122731433,,,0.0652467134697069
CBRE_00105,COMP_CBRE_00105_2,4264 Comp Street,4.7,Multifamily,A,1978,114461.2055547724,0.9281993186032778,28.38998664984486,14154599.65697781,,0.06463115849717795
CBRE_00105,COMP_CBRE_00105_3,4722 Comp Street,0.9,Multifamily,B,1993,85186.5793319295,0.8973574555686292,28.15465964262078,,,0.06114797126124403
CBRE_00105,COMP_CBRE_00105_4,7318 Comp Street,1.5,Multifamily,A,1982,114889.94420908207,0.8228466344081233,26.300313559235057,,,0.06549699879092509
CBRE_00105,COMP_CBRE_00105_5,254 Comp Street,1.1,Multifamily,B,1985,132063.73182418212,0.8334995519888312,29.310711734189272,,,0.06650009834083738
CBRE_00026,COMP_CBRE_00026_1,4248 Comp Street,2.1,Office,C,2011,95169.86648354377,0.8019688100309557,37.36917420511394,,2024-06-15,0.0739582555291306
CBRE_00026,COMP_CBRE_00026_2,2094 Comp Street,4.3,Office,B,2029,65059.51287201114,0.801583076149376,29.425615028461706,,,0.07105792781229817
CBRE_00026,COMP_CBRE_00026_3,2486 Comp Street,4.1,Office,B,2021,86842.19611677718,0.8390754227069926,34.781314983098326,,,0.07591405305910852
CBRE_00026,COMP_CBRE_00026_4,3093 Comp Street,2.8,Office,B,2020,71709.51550144659,0.8262895736139695,30.696238220319955,11499088.52820092,2023-04-15,0.07635867504902968
CBRE_00026,COMP_CBRE_00026_5,9441 Comp Street,3.8,Office,C,2021,58326.11996154567,0.8261610069325922,33.977059561509755,12137705.225175355,,0.06525417629757431
CBRE_00299,COMP_CBRE_00299_1,9125 Comp Street,1.1,Office,C,2007,37456.45606236415,0.8303729134045386,32.47975791623667,,,0.07087346974659729
CBRE_00299,COMP_CBRE_00299_2,736 Comp Street,1.4,Office,A,1998,43545.596850570975,0.7472465151851863,31.926684153991996,,,0.06832630689434989
CBRE_00299,COMP_CBRE_00299_3,2882 Comp Street,2.7,Office,B,1998,37987.906293212116,0.7724168317130753,26.59609221880649,,,0.0680365770478405
CBRE_00454,COMP_CBRE_00454_1,554 Comp Street,4.5,Industrial,B,2019,144551.55011774093,0.8733630918032701,6.562794462803126,,,0.053507491720100726
CBRE_00454,COMP_CBRE_00454_2,3092 Comp Street,2.0,Industrial,C,2004,154213.5707912146,0.8785161474086448,7.706638772829623,,2024-05-29,0.057181146307203015
CBRE_00454,COMP_CBRE_00454_3,2702 Comp Street,4.2,Industrial,C,2021,98664.30097523554,0.9291599710492806,7.7586049683412845,,2024-09-23,0.06082764056411801
CBRE_00061,COMP_CBRE_00061_1,8418 Comp Street,2.9,Office,A,1976,28799.76889425006,0.830749026634497,80.31766493346684,27879826.681477156,,0.05317587872636561
CBRE_00061,COMP_CBRE_00061_2,4594 Comp Street,4.5,Office,B,1965,25956.11250616245,0.8417416982987483,82.40635147289748,,,0.055929182086512964
CBRE_00061,COMP_CBRE_00061_3,5627 Comp Street,4.3,Office,B,1964,32148.544166762313,0.8477283232949399,82.98657303466683,,2024-02-21,0.05136831987414066
CBRE_00061,COMP_CBRE_00061_4,3148 Comp Street,3.5,Office,B,1980,26531.73578369262,0.9027720189483533,89.10399080316607,27085849.12703541,,0.059784376598492034
CBRE_00124,COMP_CBRE_00124_1,2809 Comp Street,1.5,Mixed Use,C,1999,107140.6045826148,0.7876912742468342,43.343607987479906,,,0.06629665512927192
CBRE_00124,COMP_CBRE_00124_2,4615 Comp Street,3.7,Mixed Use,C,2001,80545.65975100108,0.8736900357374849,49.56726766956996,,,0.06971197801564451
CBRE_00124,COMP_CBRE_00124_3,3443 Comp Street,4.6,Mixed Use,B,1993,108856.95720926746,0.8291790962435486,51.78596974557308,,,0.05907522843972922
CBRE_00124,COMP_CBRE_00124_4,1480 Comp Street,4.1,Mixed Use,A,1996,111766.36551678111,0.8031714527217191,40.17914873155828,,,0.06565175361704705
CBRE_00332,COMP_CBRE_00332_1,5548 Comp Street,3.6,Retail,C,2010,71243.68235793998,0.9984461613310099,53.4339221724219,,,0.06430921792513139
CBRE_00332,COMP_CBRE_00332_2,4337 Comp Street,3.6,Retail,B,2008,73124.94226080543,0.9951626960192206,71.39931930972995,,2023-05-04,0.06355073719501689
CBRE_00332,COMP_CBRE_00332_3,9305 Comp Street,0.6,Retail,B,2024,52132.90799881331,0.9253196715551789,58.70041306763067,38574564.517456904,,0.06291828152018132
CBRE_00332,COMP_CBRE_00332_4,6740 Comp Street,1.8,Retail,B,2014,72023.36919393664,0.870076360884775,65.27213752844214,41490687.93072791,,0.06253905658825845
CBRE_00057,COMP_CBRE_00057_1,3668 Comp Street,0.5,Mixed Use,B,1997,102119.50994018716,0.8365615999213517,22.845047914962375,,2023-08-06,0.06465208351048655
CBRE_00057,COMP_CBRE_00057_2,3126 Comp Street,0.8,Mixed Use,B,1989,84653.92482163913,0.7876185442057078,24.28345410372713,11204802.758046849,,0.07493491924362702
CBRE_00057,COMP_CBRE_00057_3,6958 Comp Street,3.8,Mixed Use,B,1991,89950.08665671892,0.7697614634221319,23.82372417026357,,2023-07-22,0.07497767699355634
CBRE_00057,COMP_CBRE_00057_4,243 Comp Street,2.9,Mixed Use,B,1989,102659.87148340745,0.873599097217033,22.974954501768604,,,0.07434729236392668
CBRE_00057,COMP_CBRE_00057_5,8071 Comp Street,1.4,Mixed Use,B,2007,105588.15076936678,0.88276521716685,24.034361192006475,,,0.06233200851801781
CBRE_00183,COMP_CBRE_00183_1,3829 Comp Street,4.8,Industrial,A,1982,134220.63496925845,1.0106059880330045,10.472559485910097,,2024-06-02,0.0573554652263291
CBRE_00183,COMP_CBRE_00183_2,5951 Comp Street,0.5,Industrial,B,1999,90970.53439597157,0.8599587101177971,10.157683893421227,-9657317.319248108,,0.05317625738299067
CBRE_00183,COMP_CBRE_00183_3,5020 Comp Street,0.3,Industrial,A,1981,144778.67402474582,0.9356069516905946,8.034821751413935,,,0.05198301850794635
CBRE_00404,COMP_CBRE_00404_1,7658 Comp Street,0.5,Industrial,A,1995,147889.94630167793,0.9424076608727444,21.058522834084712,,,0.050346619805991824
CBRE_00404,COMP_CBRE_00404_2,2429 Comp Street,0.7,Industrial,A,1978,127147.55071325129,0.9485698516871437,18.996135940051147,33867293.64592334,,0.043600844049127334
CBRE_00404,COMP_CBRE_00404_3,6228 Comp Street,4.6,Industrial,B,1981,177006.06181290885,1.0044572280742523,19.61865181721185,,,0.045879893090157525
CBRE_00080,COMP_CBRE_00080_1,3843 Comp Street,4.4,Industrial,A,1968,183056.87636157696,0.8887722218369941,5.238954107117766,,,0.055500855621288425
CBRE_00080,COMP_CBRE_00080_2,1199 Comp Street,2.0,Industrial,B,1979,180270.01699560593,0.8440981924950994,5.38689125614946,-18093574.724150494,2024-02-28,0.055965149455356245
CBRE_00080,COMP_CBRE_00080_3,9181 Comp Street,0.6,Industrial,C,1968,181162.92175050383,0.9158471017176286,5.86056903914818,,,0.05929563968900612
CBRE_00018,COMP_CBRE_00018_1,1337 Comp Street,1.8,Office,B,1988,111269.45871642596,0.7991068417131713,23.32702886435758,6796434.281079495,2024-06-26,0.0630340719797657
CBRE_00018,COMP_CBRE_00018_2,7573 Comp Street,0.4,Office,B,1986,94474.70339777095,0.836326668523227,21.205922619529282,,2024-12-13,0.07177897122916738
CBRE_00018,COMP_CBRE_00018_3,5752 Comp Street,3.2,Office,C,1986,94149.23904469328,0.9047197415165296,18.88901010941169,,,0.06304733755825988
CBRE_00018,COMP_CBRE_00018_4,9351 Comp Street,1.5,Office,B,1982,92465.60631602265,0.8882145657440967,21.836234369251663,7204451.719907573,,0.06682898042418117
CBRE_00204,COMP_CBRE_00204_1,5448 Comp Street,3.0,Retail,C,1992,28978.400657067115,0.9460007873840386,13.495704116869907,,2024-01-02,0.07337142575009392
CBRE_00204,COMP_CBRE_00204_2,3838 Comp Street,3.4,Retail,A,1994,24814.673267135488,0.8862672651615147,10.835227553036072,-941512.9933786729,2023-01-31,0.07445480509091097
CBRE_00204,COMP_CBRE_00204_3,1900 Comp Street,0.3,Retail,C,2005,22755.910097119555,1.0146760441039189,12.387625177613497,,2023-03-12,0.06640144285804023
CBRE_00257,COMP_CBRE_00257_1,1637 Comp Street,4.8,Industrial,A,1999,158210.75159286236,0.8993948361325116,15.998979360392285,,,0.047807649959640194
CBRE_00257,COMP_CBRE_00257_2,1430 Comp Street,4.6,Industrial,B,2002,156045.1138258035,0.893761143524954,19.10860445135653,,2024-11-01,0.05467204440873785
CBRE_00257,COMP_CBRE_00257_3,7787 Comp Street,1.5,Industrial,B,2003,99427.08371527112,1.0627879610212245,21.120764412410008,13391087.428083306,2024-06-29,0.050980957608628676
CBRE_00257,COMP_CBRE_00257_4,997 Comp Street,0.9,Industrial,B,2004,129219.02902959763,1.0228316841269667,21.15136899835826,,,0.045295481642848454
CBRE_00257,COMP_CBRE_00257_5,4151 Comp Street,4.9,Industrial,A,2000,93082.19062565111,0.919881351184733,17.475745034182047,14857912.644551791,,0.050552999194814444
CBRE_00485,COMP_CBRE_00485_1,9043 Comp Street,2.3,Retail,B,1981,43988.81133149506,0.8572116322719517,43.97392428307986,23447546.902762115,2023-08-19,0.06159250642527723
CBRE_00485,COMP_CBRE_00485_2,3835 Comp Street,4.0,Retail,B,1993,46031.37131600785,0.8462861021442768,57.38539318721016,,,0.06233589892072256
CBRE_00485,COMP_CBRE_00485_3,4621 Comp Street,1.6,Retail,C,1997,42661.94696993639,0.9249003132140051,49.89124217168728,,,0.053192602182223596
CBRE_00131,COMP_CBRE_00131_1,4413 Comp Street,2.3,Multifamily,B,1995,114575.44551114742,0.8423055358885364,25.48681011004324,25689330.662851427,,0.06737604353880426
CBRE_00131,COMP_CBRE_00131_2,3293 Comp Street,1.0,Multifamily,C,2003,193683.5627032078,0.8321207793257729,28.130830546000187,20613146.224304974,,0.06526680280364332
CBRE_00131,COMP_CBRE_00131_3,7546 Comp Street,3.8,Multifamily,B,1994,184524.68572710833,0.8214263978587462,28.34746238346701,,,0.0606572246352635
CBRE_00131,COMP_CBRE_00131_4,2232 Comp Street,2.8,Multifamily,B,1988,110338.47961814546,0.8588074503503208,27.416213491060798,,,0.06835793535194559
CBRE_00324,COMP_CBRE_00324_1,6700 Comp Street,3.1,Industrial,A,2032,230537.8433868998,0.9217308722368971,10.214493693881002,,,0.05217181079482821
CBRE_00324,COMP_CBRE_00324_2,1870 Comp Street,4.1,Industrial,B,2013,236389.0465844639,0.8708261850275977,11.041456378671855,,,0.055946697477784
CBRE_00324,COMP_CBRE_00324_3,3793 Comp Street,0.4,Industrial,B,2016,155647.51784945175,0.9654804481368271,10.937354404264676,-2979032.0281355698,,0.052831419587308796
CBRE_00389,COMP_CBRE_00389_1,1512 Comp Street,3.6,Office,B,2021,94086.12135742318,0.9205503378652372,96.07475701831868,127523777.56428944,2024-02-08,0.056816073119673724
CBRE_00389,COMP_CBRE_00389_2,7855 Comp Street,4.9,Office,A,2015,100487.07541452015,0.8298455114120068,94.59982390309071,150831912.0871475,,0.05870840024048164
CBRE_00389,COMP_CBRE_00389_3,4064 Comp Street,2.2,Office,B,2009,111779.99071270334,0.8894650562184997,103.51998934277236,,2023-02-04,0.05818413262902042
CBRE_00092,COMP_CBRE_00092_1,4569 Comp Street,4.4,Industrial,B,2019,90381.46854926154,0.9563276307506026,10.392388292404162,,2023-08-22,0.061363682740213
CBRE_00092,COMP_CBRE_00092_2,5683 Comp Street,3.0,Industrial,B,2016,96425.3314151133,0.9365758552859995,9.048599632275092,,,0.05846087282168621
CBRE_00092,COMP_CBRE_00092_3,8718 Comp Street,0.9,Industrial,C,2009,97461.81251475246,0.9672758047775583,9.381474133795912,-2968284.6585434945,,0.05875849992117279
CBRE_00493,COMP_CBRE_00493_1,3243 Comp Street,3.1,Retail,C,1978,57589.784454904766,0.9324856847855855,19.163470064272477,,,0.07240569420622996
CBRE_00493,COMP_CBRE_00493_2,5147 Comp Street,4.2,Retail,C,1965,55797.14510196743,0.8991109816870007,20.423866839575677,,,0.06227636725146314
CBRE_00493,COMP_CBRE_00493_3,4442 Comp Street,0.7,Retail,B,1963,54654.30533692145,0.8807884900717885,22.589190945688895,4728982.942684533,,0.06395836298664052
CBRE_00355,COMP_CBRE_00355_1,8947 Comp Street,0.5,Industrial,B,1985,98848.36138599779,1.005583253624331,7.283117328916768,,,0.05635239378438588
CBRE_00355,COMP_CBRE_00355_2,9828 Comp Street,2.9,Industrial,C,1986,74571.94778376771,0.8782741975480888,7.902579302707341,,,0.06295680360280882
CBRE_00355,COMP_CBRE_00355_3,5723 Comp Street,1.4,Industrial,C,1991,86551.10775816487,0.9928686917761034,6.674266772169322,-11503231.194055635,2023-06-22,0.06016796949350665
CBRE_00355,COMP_CBRE_00355_4,5412 Comp Street,3.7,Industrial,A,1991,111937.51247019361,0.9793185114976178,7.711400477301111,-10936201.052944712,,0.06161940830752136
CBRE_00355,COMP_CBRE_00355_5,6224 Comp Street,4.6,Industrial,B,2001,76038.23046471858,0.9648454789426527,8.475333737510395,,,0.06277722898527932
CBRE_00496,COMP_CBRE_00496_1,3907 Comp Street,2.9,Mixed Use,A,2014,73106.02655949573,0.8177472792179559,51.28869783360838,,,0.05102058650265919
CBRE_00496,COMP_CBRE_00496_2,2016 Comp Street,4.5,Mixed Use,B,2012,73178.61417161157,0.8538896921626691,68.55930576435497,,,0.050794833911076184
CBRE_00496,COMP_CBRE_00496_3,8305 Comp Street,3.8,Mixed Use,B,2002,90477.41456866806,0.8922694132061927,64.6525395398497,48091131.880337626,,0.053049893081695824
CBRE_00240,COMP_CBRE_00240_1,199 Comp Street,3.4,Mixed Use,A,2023,192093.60703993504,0.9725011533760411,60.06834530951789,149013449.9931797,,0.05004046036927623
CBRE_00240,COMP_CBRE_00240_2,1871 Comp Street,1.3,Mixed Use,B,2024,167374.37997489303,0.8410481309451577,63.77913437582407,,,0.050732942298670154
CBRE_00240,COMP_CBRE_00240_3,9465 Comp Street,3.0,Mixed Use,B,2025,152577.2731934862,0.841053434175682,62.4463863162665,,2024-03-14,0.052368160674300585
CBRE_00240,COMP_CBRE_00240_4,9138 Comp Street,0.3,Mixed Use,A,2022,171861.19189957905,0.8719879201539984,70.1410864902025,,,0.050188160406289255
